Workbook

Sheet Mesures
A1: message_id | B1: site_id | C1: zone | D1: asset_type | E1: sensor | F1: measured_at | G1: value | H1: unit | I1: sequence | J1: topic | K1: clé | L1: limite | M1: direction | N1: alerte
A2: battery-shelter-01-battery_voltage-0000 | B2: base-projetee-alpha | C2: battery-shelter-01 | D2: drone_battery_storage | E2: battery_voltage | F2: 46335.25 | G2: 12.6 | H2: volt | I2: 0 | J2: airbase/batch005/battery-shelter-01/battery_voltage/0000 | K2: =[@asset_type]&"|"&[@sensor] | L2: =XLOOKUP([@clé],Seuils[clé],Seuils[limite]) | M2: =XLOOKUP([@clé],Seuils[clé],Seuils[direction]) | N2: =IF([@direction]="<=",[@value]<=[@limite],[@value]>=[@limite])
A3: battery-shelter-01-battery_voltage-0001 | B3: base-projetee-alpha | C3: battery-shelter-01 | D3: drone_battery_storage | E3: battery_voltage | F3: 46335.5 | G3: 12.5 | H3: volt | I3: 1 | J3: airbase/batch005/battery-shelter-01/battery_voltage/0001 | K3: =[@asset_type]&"|"&[@sensor] | L3: =XLOOKUP([@clé],Seuils[clé],Seuils[limite]) | M3: =XLOOKUP([@clé],Seuils[clé],Seuils[direction]) | N3: =IF([@direction]="<=",[@value]<=[@limite],[@value]>=[@limite])
A4: battery-shelter-01-battery_voltage-0002 | B4: base-projetee-alpha | C4: battery-shelter-01 | D4: drone_battery_storage | E4: battery_voltage | F4: 46335.75 | G4: 12.4 | H4: volt | I4: 2 | J4: airbase/batch005/battery-shelter-01/battery_voltage/0002 | K4: =[@asset_type]&"|"&[@sensor] | L4: =XLOOKUP([@clé],Seuils[clé],Seuils[limite]) | M4: =XLOOKUP([@clé],Seuils[clé],Seuils[direction]) | N4: =IF([@direction]="<=",[@value]<=[@limite],[@value]>=[@limite])
A5: battery-shelter-01-battery_voltage-0003 | B5: base-projetee-alpha | C5: battery-shelter-01 | D5: drone_battery_storage | E5: battery_voltage | F5: 46335.958 | G5: 12.4 | H5: volt | I5: 3 | J5: airbase/batch005/battery-shelter-01/battery_voltage/0003 | K5: =[@asset_type]&"|"&[@sensor] | L5: =XLOOKUP([@clé],Seuils[clé],Seuils[limite]) | M5: =XLOOKUP([@clé],Seuils[clé],Seuils[direction]) | N5: =IF([@direction]="<=",[@value]<=[@limite],[@value]>=[@limite])
A6: battery-shelter-01-battery_voltage-0004 | B6: base-projetee-alpha | C6: battery-shelter-01 | D6: drone_battery_storage | E6: battery_voltage | F6: 46336.25 | G6: 12.3 | H6: volt | I6: 4 | J6: airbase/batch005/battery-shelter-01/battery_voltage/0004 | K6: =[@asset_type]&"|"&[@sensor] | L6: =XLOOKUP([@clé],Seuils[clé],Seuils[limite]) | M6: =XLOOKUP([@clé],Seuils[clé],Seuils[direction]) | N6: =IF([@direction]="<=",[@value]<=[@limite],[@value]>=[@limite])
A7: battery-shelter-01-battery_voltage-0005 | B7: base-projetee-alpha | C7: battery-shelter-01 | D7: drone_battery_storage | E7: battery_voltage | F7: 46336.5 | G7: 12.2 | H7: volt | I7: 5 | J7: airbase/batch005/battery-shelter-01/battery_voltage/0005 | K7: =[@asset_type]&"|"&[@sensor] | L7: =XLOOKUP([@clé],Seuils[clé],Seuils[limite]) | M7: =XLOOKUP([@clé],Seuils[clé],Seuils[direction]) | N7: =IF([@direction]="<=",[@value]<=[@limite],[@value]>=[@limite])
A8: battery-shelter-01-battery_voltage-0006 | B8: base-projetee-alpha | C8: battery-shelter-01 | D8: drone_battery_storage | E8: battery_voltage | F8: 46336.75 | G8: 12.1 | H8: volt | I8: 6 | J8: airbase/batch005/battery-shelter-01/battery_voltage/0006 | K8: =[@asset_type]&"|"&[@sensor] | L8: =XLOOKUP([@clé],Seuils[clé],Seuils[limite]) | M8: =XLOOKUP([@clé],Seuils[clé],Seuils[direction]) | N8: =IF([@direction]="<=",[@value]<=[@limite],[@value]>=[@limite])
A9: battery-shelter-01-battery_voltage-0007 | B9: base-projetee-alpha | C9: battery-shelter-01 | D9: drone_battery_storage | E9: battery_voltage | F9: 46336.958 | G9: 12 | H9: volt | I9: 7 | J9: airbase/batch005/battery-shelter-01/battery_voltage/0007 | K9: =[@asset_type]&"|"&[@sensor] | L9: =XLOOKUP([@clé],Seuils[clé],Seuils[limite]) | M9: =XLOOKUP([@clé],Seuils[clé],Seuils[direction]) | N9: =IF([@direction]="<=",[@value]<=[@limite],[@value]>=[@limite])
A10: battery-shelter-01-battery_voltage-0008 | B10: base-projetee-alpha | C10: battery-shelter-01 | D10: drone_battery_storage | E10: battery_voltage | F10: 46337.25 | G10: 11.9 | H10: volt | I10: 8 | J10: airbase/batch005/battery-shelter-01/battery_voltage/0008 | K10: =[@asset_type]&"|"&[@sensor] | L10: =XLOOKUP([@clé],Seuils[clé],Seuils[limite]) | M10: =XLOOKUP([@clé],Seuils[clé],Seuils[direction]) | N10: =IF([@direction]="<=",[@value]<=[@limite],[@value]>=[@limite])
A11: battery-shelter-01-battery_voltage-0009 | B11: base-projetee-alpha | C11: battery-shelter-01 | D11: drone_battery_storage | E11: battery_voltage | F11: 46337.5 | G11: 11.7 | H11: volt | I11: 9 | J11: airbase/batch005/battery-shelter-01/battery_voltage/0009 | K11: =[@asset_type]&"|"&[@sensor] | L11: =XLOOKUP([@clé],Seuils[clé],Seuils[limite]) | M11: =XLOOKUP([@clé],Seuils[clé],Seuils[direction]) | N11: =IF([@direction]="<=",[@value]<=[@limite],[@value]>=[@limite])
A12: battery-shelter-01-battery_voltage-0010 | B12: base-projetee-alpha | C12: battery-shelter-01 | D12: drone_battery_storage | E12: battery_voltage | F12: 46337.75 | G12: 11.6 | H12: volt | I12: 10 | J12: airbase/batch005/battery-shelter-01/battery_voltage/0010 | K12: =[@asset_type]&"|"&[@sensor] | L12: =XLOOKUP([@clé],Seuils[clé],Seuils[limite]) | M12: =XLOOKUP([@clé],Seuils[clé],Seuils[direction]) | N12: =IF([@direction]="<=",[@value]<=[@limite],[@value]>=[@limite])
A13: battery-shelter-01-battery_voltage-0011 | B13: base-projetee-alpha | C13: battery-shelter-01 | D13: drone_battery_storage | E13: battery_voltage | F13: 46337.958 | G13: 11.4 | H13: volt | I13: 11 | J13: airbase/batch005/battery-shelter-01/battery_voltage/0011 | K13: =[@asset_type]&"|"&[@sensor] | L13: =XLOOKUP([@clé],Seuils[clé],Seuils[limite]) | M13: =XLOOKUP([@clé],Seuils[clé],Seuils[direction]) | N13: =IF([@direction]="<=",[@value]<=[@limite],[@value]>=[@limite])
... A145: optronics-shelter-01-temperature-0011 | B145: base-projetee-alpha | C145: optronics-shelter-01 | D145: optronics | E145: temperature | F145: 46337.958 | G145: 28.1 | H145: celsius | I145: 11 | J145: airbase/batch005/optronics-shelter-01/temperature/0011 | K145: =[@asset_type]&"|"&[@sensor] | L145: =XLOOKUP([@clé],Seuils[clé],Seuils[limite]) | M145: =XLOOKUP([@clé],Seuils[clé],Seuils[direction]) | N145: =IF([@direction]="<=",[@value]<=[@limite],[@value]>=[@limite])

Sheet Seuils
A1: asset_type | B1: sensor | C1: direction | D1: limite | E1: note | F1: clé
A2: drone_battery_storage | B2: temperature | C2: >= | D2: 35 | E2: seuil pédagogique commun | F2: =[@asset_type]&"|"&[@sensor]
A3: communications | B3: temperature | C3: >= | D3: 35 | E3: seuil pédagogique commun | F3: =[@asset_type]&"|"&[@sensor]
A4: tactical_it | B4: temperature | C4: >= | D4: 35 | E4: seuil pédagogique commun | F4: =[@asset_type]&"|"&[@sensor]
A5: light_maintenance | B5: temperature | C5: >= | D5: 35 | E5: seuil pédagogique commun | F5: =[@asset_type]&"|"&[@sensor]
A6: optronics | B6: temperature | C6: >= | D6: 35 | E6: seuil pédagogique commun | F6: =[@asset_type]&"|"&[@sensor]
A7: fuel_storage | B7: temperature | C7: >= | D7: 28 | E7: vapeurs inflammables : seuil réel plus bas (cf. séquence 5) | F7: =[@asset_type]&"|"&[@sensor]
A8: medical_post | B8: temperature | C8: >= | D8: 30 | E8: conservation de matériel médical sensible à la chaleur | F8: =[@asset_type]&"|"&[@sensor]
A9: tactical_it | B9: humidity | C9: >= | D9: 60 | E9: risque de condensation sur les équipements informatiques | F9: =[@asset_type]&"|"&[@sensor]
A10: optronics | B10: humidity | C10: >= | D10: 55 | E10: risque de buée sur l'optique | F10: =[@asset_type]&"|"&[@sensor]
A11: medical_post | B11: humidity | C11: >= | D11: 55 | E11: conservation de matériel médical sensible à l'humidité | F11: =[@asset_type]&"|"&[@sensor]
A12: drone_battery_storage | B12: battery_voltage | C12: <= | D12: 11.5 | E12: tension basse : cellule dégradée par la chaleur | F12: =[@asset_type]&"|"&[@sensor]
A13: communications | B13: lora_rssi | C13: <= | D13: -90 | E13: signal LoRa trop faible pour une transmission fiable | F13: =[@asset_type]&"|"&[@sensor]

Sheet Indicateurs
A1: Indicateurs de référence (équivalents formule d'un TCD zone x capteur)
A3: zone | B3: moyenne_temperature | C3: maximum_temperature
A4: battery-shelter-01 | B4: =AVERAGEIFS(Mesures[value],Mesures[zone],A4,Mesures[sensor],"temperature") | C4: =MAXIFS(Mesures[value],Mesures[zone],A4,Mesures[sensor],"temperature")
A5: comms-shelter-01 | B5: =AVERAGEIFS(Mesures[value],Mesures[zone],A5,Mesures[sensor],"temperature") | C5: =MAXIFS(Mesures[value],Mesures[zone],A5,Mesures[sensor],"temperature")
A6: fuel-storage-01 | B6: =AVERAGEIFS(Mesures[value],Mesures[zone],A6,Mesures[sensor],"temperature") | C6: =MAXIFS(Mesures[value],Mesures[zone],A6,Mesures[sensor],"temperature")
A7: it-room-01 | B7: =AVERAGEIFS(Mesures[value],Mesures[zone],A7,Mesures[sensor],"temperature") | C7: =MAXIFS(Mesures[value],Mesures[zone],A7,Mesures[sensor],"temperature")
A8: maintenance-zone-01 | B8: =AVERAGEIFS(Mesures[value],Mesures[zone],A8,Mesures[sensor],"temperature") | C8: =MAXIFS(Mesures[value],Mesures[zone],A8,Mesures[sensor],"temperature")
A9: medical-post-01 | B9: =AVERAGEIFS(Mesures[value],Mesures[zone],A9,Mesures[sensor],"temperature") | C9: =MAXIFS(Mesures[value],Mesures[zone],A9,Mesures[sensor],"temperature")
A10: optronics-shelter-01 | B10: =AVERAGEIFS(Mesures[value],Mesures[zone],A10,Mesures[sensor],"temperature") | C10: =MAXIFS(Mesures[value],Mesures[zone],A10,Mesures[sensor],"temperature")
A12: Maximum de température par jour — battery-shelter-01
A13: jour | B13: maximum_temperature
A14: 2026-11-09 | B14: =MAXIFS(Mesures[value],Mesures[zone],"battery-shelter-01",Mesures[sensor],"temperature",Mesures[measured_at],">="&DATE(2026,11,9),Mesures[measured_at],"<"&DATE(2026,11,10))
A15: 2026-11-10 | B15: =MAXIFS(Mesures[value],Mesures[zone],"battery-shelter-01",Mesures[sensor],"temperature",Mesures[measured_at],">="&DATE(2026,11,10),Mesures[measured_at],"<"&DATE(2026,11,11))
A16: 2026-11-11 | B16: =MAXIFS(Mesures[value],Mesures[zone],"battery-shelter-01",Mesures[sensor],"temperature",Mesures[measured_at],">="&DATE(2026,11,11),Mesures[measured_at],"<"&DATE(2026,11,12))
A19: Série pour le graphique — battery-shelter-01
A20: heure | B20: température (°C) | C20: tension batterie (V)
A21: J1 06h | B21: =Mesures!G14 | C21: =Mesures!G2
A22: J1 12h | B22: =Mesures!G15 | C22: =Mesures!G3
A23: J1 18h | B23: =Mesures!G16 | C23: =Mesures!G4
A24: J1 23h | B24: =Mesures!G17 | C24: =Mesures!G5
A25: J2 06h | B25: =Mesures!G18 | C25: =Mesures!G6
A26: J2 12h | B26: =Mesures!G19 | C26: =Mesures!G7
A27: J2 18h | B27: =Mesures!G20 | C27: =Mesures!G8
A28: J2 23h | B28: =Mesures!G21 | C28: =Mesures!G9
A29: J3 06h | B29: =Mesures!G22 | C29: =Mesures!G10
A30: J3 12h | B30: =Mesures!G23 | C30: =Mesures!G11
A31: J3 18h | B31: =Mesures!G24 | C31: =Mesures!G12
A32: J3 23h | B32: =Mesures!G25 | C32: =Mesures!G13

Sheet Note de décision
A1: Champ | B1: Réponse
A2: Décision | B2: Vérifier en priorité battery-shelter-01 et fuel-storage-01.
A3: Confiance (très faible / faible / moyenne / élevée) | B3: Moyenne sur ces deux zones ; faible pour toute conclusion basée sur un seuil unique appliqué à toute la base.
A4: Preuve 1 (zone, capteur, valeur, date) | B4: battery-shelter-01, temperature, 35,6 °C, 2026-11-11 18:00 (seul le 3e jour franchit le seuil).
A5: Preuve 2 (zone, capteur, valeur, date) | B5: fuel-storage-01, temperature, 28,4 à 30,0 °C sur les 12 mesures, toutes au-dessus du seuil réel de 28 °C.
A6: Incertitude 1 | B6: La dérive de tension de battery-shelter-01 pourrait se stabiliser ou s'accélérer au-delà du 3e jour.
A7: Incertitude 2 | B7: Le seuil réel de 28 °C pour fuel-storage-01 reste un choix pédagogique, pas une norme vérifiée sur le terrain.
A8: Vérification prioritaire | B8: Inspection physique de la batterie de battery-shelter-01 ; contrôle du système de ventilation de fuel-storage-01.
